                  epoch,         train/box_loss,         train/cls_loss,         train/dfl_loss,   metrics/precision(B),      metrics/recall(B),       metrics/mAP50(B),    metrics/mAP50-95(B),           val/box_loss,           val/cls_loss,           val/dfl_loss,                 lr/pg0,                 lr/pg1,                 lr/pg2
                      0,                 1.6553,                 3.8857,                 1.2037,                0.00293,                0.22917,                0.01113,                0.00377,                 1.3752,                  4.201,                 1.0695,                 0.0991,                 0.0001,                 0.0001
                      1,                  1.547,                 3.8097,                 1.2441,                 0.0029,                0.22917,                0.01218,                0.00426,                 1.3046,                 4.1883,                 1.0658,               0.097299,             0.00029851,             0.00029851
                      2,                  1.477,                 3.8388,                  1.158,                 0.0029,                0.22917,                0.01372,                0.00516,                 1.1806,                  4.147,                 1.0433,               0.095495,             0.00049505,             0.00049505
                      3,                 1.4234,                 3.8077,                 1.1988,                 0.0029,                0.22917,                0.00883,                0.00347,                 1.1378,                 4.1175,                  1.032,                0.09369,              0.0006896,              0.0006896
                      4,                 1.3317,                 3.9172,                   1.11,                 0.0029,                0.22917,                0.02214,                0.00878,                 1.1882,                 4.1357,                 1.0253,               0.091882,             0.00088218,             0.00088218
                      5,                 1.2021,                 3.6581,                 1.0945,                 0.0029,                0.22917,                0.02579,                0.01371,                 1.2872,                 4.1552,                 1.0276,               0.090073,              0.0010728,              0.0010728
                      6,                 1.1583,                 3.6096,                  1.055,                 0.0029,                0.22917,                0.04395,                0.02988,                 1.2542,                 4.1255,                 1.0012,               0.088261,              0.0012614,              0.0012614
                      7,                 1.1141,                 3.4394,                 1.0163,                0.00291,                0.22917,                0.02888,                0.02134,                 1.1862,                 4.0704,                 1.0001,               0.086448,               0.001448,               0.001448
                      8,                 1.3085,                 3.5055,                 1.0243,                0.00292,                0.22917,                0.04313,                0.03196,                 1.1895,                 4.0601,                0.97577,               0.084633,              0.0016327,              0.0016327
                      9,                 1.2214,                 3.2766,                 1.0511,                0.00292,                0.22917,                0.03183,                0.02064,                 1.2159,                 3.9827,                 1.0174,               0.082815,              0.0018154,              0.0018154
                     10,                 1.1305,                 3.1496,                0.99912,                0.00293,                0.22917,                0.03834,                 0.0271,                 1.2796,                 3.9766,                0.99274,               0.080996,               0.001996,               0.001996
                     11,                 1.1636,                 2.9684,                 1.0556,                0.00377,                0.29167,                0.05125,                0.03757,                 1.1945,                 3.9362,                0.98683,               0.079175,              0.0021748,              0.0021748
                     12,                 1.1816,                 2.7675,                 1.0175,                0.00376,                0.29167,                0.04492,                0.02764,                  1.144,                  3.914,                0.99021,               0.077352,              0.0023515,              0.0023515
                     13,                 1.1865,                 2.7026,                  1.064,                0.00417,                 0.3125,                0.08405,                0.05003,                 1.1827,                 3.8283,                 0.9653,               0.075526,              0.0025263,              0.0025263
                     14,                 1.1823,                 2.4961,                 1.0249,                0.00737,                    0.5,                0.08256,                0.05329,                 1.1528,                 3.7551,                0.95824,               0.073699,               0.002699,               0.002699
                     15,                 1.1031,                 2.3325,                0.97887,                0.00738,                    0.5,                0.12806,                0.08113,                 1.1201,                 3.6692,                0.97553,                0.07187,              0.0028698,              0.0028698
                     16,                 1.0606,                 2.2174,                0.99839,                0.00617,                0.41667,                0.18468,                0.12568,                 1.1059,                 3.6564,                0.98163,               0.070039,              0.0030386,              0.0030386
                     17,                 1.2214,                 2.0131,                 1.0366,                0.00862,                0.58333,                0.20401,                0.12968,                 1.0602,                 3.5701,                0.95121,               0.068205,              0.0032055,              0.0032055
                     18,                 1.3409,                 2.2994,                 1.0103,                0.00783,                0.54167,                 0.1643,                0.11996,                 1.0274,                 3.6044,                0.95038,                0.06637,              0.0033703,              0.0033703
                     19,                 1.1458,                 1.9762,                 1.0188,                0.00784,                0.54167,                 0.1622,                0.12013,                 1.0435,                 3.6026,                0.94355,               0.064533,              0.0035332,              0.0035332
                     20,                 1.2924,                  1.836,                 1.0323,                0.00705,                    0.5,                 0.1299,                0.08964,                  1.159,                 3.5962,                0.95435,               0.062694,              0.0036941,              0.0036941
                     21,                 1.1577,                 1.8605,                0.96538,                0.00784,                0.54167,                0.14068,                0.08839,                  1.072,                 3.5948,                0.91872,               0.060853,               0.003853,               0.003853
                     22,                 1.1782,                 1.8331,                 1.0058,                0.01027,                0.70833,                0.14992,                0.09252,                 1.0101,                 3.5434,                0.92623,                0.05901,              0.0040099,              0.0040099
                     23,                 1.0864,                 1.8365,                0.97704,                0.01148,                0.79167,                0.15318,                0.09449,                 1.1685,                 3.5978,                0.96498,               0.057165,              0.0041649,              0.0041649
                     24,                 1.0973,                 1.9148,                 0.9851,                0.00861,                0.58333,                0.21797,                0.12418,                 1.1379,                 3.5872,                0.98487,               0.055318,              0.0043179,              0.0043179
                     25,                 1.2767,                 1.8111,                 1.0095,                0.00982,                0.66667,                0.23586,                0.12023,                 1.1636,                 3.5095,                 1.0144,               0.053469,              0.0044689,              0.0044689
                     26,                 1.1048,                 1.9121,                0.96399,                0.01058,                0.70833,                0.21518,                0.13249,                 1.3532,                 3.4798,                 1.0783,               0.051618,              0.0046179,              0.0046179
                     27,                 1.1256,                 1.8236,                0.99175,                0.01058,                0.70833,                0.21518,                0.13249,                 1.3532,                 3.4798,                 1.0783,               0.049765,              0.0047649,              0.0047649
                     28,                 1.1487,                 1.8492,                 1.0006,                0.01069,                0.72917,                0.19427,                0.11408,                 1.1725,                 3.4816,                 1.0393,                0.04791,                0.00491,                0.00491
                     29,                 1.0498,                 1.7838,                0.97295,                0.41772,                   0.25,                0.21447,                0.13692,                 1.1833,                  3.418,                 1.0295,               0.046053,              0.0050531,              0.0050531
                     30,                 1.0524,                 1.6307,                0.97964,                0.41772,                   0.25,                0.21447,                0.13692,                 1.1833,                  3.418,                 1.0295,               0.044194,              0.0051941,              0.0051941
                     31,                 1.1075,                 1.7666,                0.99291,                 0.0115,                0.77083,                0.25145,                0.15182,                 1.0921,                 3.3877,                0.98212,               0.042333,              0.0053333,              0.0053333
                     32,                 1.1606,                 1.7037,                0.96875,                0.89824,                 0.0625,                0.30466,                0.16328,                  1.222,                  3.323,                0.99734,                0.04047,              0.0054704,              0.0054704
                     33,                 1.2512,                 1.7009,                0.98163,                0.89824,                 0.0625,                0.30466,                0.16328,                  1.222,                  3.323,                0.99734,               0.038606,              0.0056056,              0.0056056
                     34,                  1.052,                 1.5857,                0.96293,                 0.9072,                0.16327,                 0.4047,                0.24033,                 1.1754,                 3.0964,                0.97656,               0.036739,              0.0057387,              0.0057387
                     35,                 1.0804,                 1.5951,                0.95285,                0.56531,                0.16874,                0.28542,                  0.168,                 1.2027,                 3.1778,                 1.0033,                0.03487,              0.0058699,              0.0058699
                     36,                 1.2437,                 1.5842,                 1.0006,                0.56531,                0.16874,                0.28542,                  0.168,                 1.2027,                 3.1778,                 1.0033,               0.032999,              0.0059991,              0.0059991
                     37,                 1.0444,                 1.7799,                0.91753,                0.52424,                0.14583,                0.23308,                0.14384,                 1.3217,                 3.2398,                 1.0204,               0.031126,              0.0061264,              0.0061264
                     38,                 1.1664,                 1.6404,                0.98032,                0.54593,                 0.1828,                0.39355,                0.20781,                 1.2864,                 2.9217,                 1.0249,               0.029252,              0.0062516,              0.0062516
                     39,                 1.2279,                 1.7976,                0.99365,                0.54593,                 0.1828,                0.39355,                0.20781,                 1.2864,                 2.9217,                 1.0249,               0.027375,              0.0063749,              0.0063749
                     40,                 1.1575,                 1.6349,                 1.0063,                 0.7271,                0.22618,                0.46611,                0.25476,                 1.2214,                 2.8545,                 1.0419,               0.025496,              0.0064962,              0.0064962
                     41,                 1.0555,                  1.526,                0.94123,                0.66707,                0.16756,                0.39381,                0.22567,                 1.2013,                 2.9898,                 1.0104,               0.023616,              0.0066155,              0.0066155
                     42,                 1.3244,                 1.6381,                0.99352,                0.66707,                0.16756,                0.39381,                0.22567,                 1.2013,                 2.9898,                 1.0104,               0.021733,              0.0067329,              0.0067329
                     43,                 1.2107,                 1.5312,                 1.0313,                0.87007,                0.23631,                0.42654,                0.23485,                 1.3559,                 3.0464,                0.99735,               0.019848,              0.0068482,              0.0068482
                     44,                 1.5222,                 1.6299,                 1.0453,                0.87007,                0.23631,                0.42654,                0.23485,                 1.3559,                 3.0464,                0.99735,               0.017962,              0.0069616,              0.0069616
                     45,                 1.3144,                 1.6328,                 1.0105,                0.82803,                0.22483,                 0.4572,                0.27831,                 1.2926,                 2.8876,                0.99439,               0.016073,               0.007073,               0.007073
                     46,                 1.2535,                 1.5007,                0.98816,                0.82803,                0.22483,                 0.4572,                0.27831,                 1.2926,                 2.8876,                0.99439,               0.014182,              0.0071824,              0.0071824
                     47,                 1.0296,                 1.4923,                0.96979,                0.67536,                0.15737,                0.34351,                0.21301,                 1.3483,                 3.1404,                 1.0091,                0.01229,              0.0072898,              0.0072898
                     48,                 1.2121,                 1.5049,                0.98299,                0.67536,                0.15737,                0.34351,                0.21301,                 1.3483,                 3.1404,                 1.0091,               0.010395,              0.0073953,              0.0073953
                     49,                 1.3624,                 1.6606,                 1.0262,                0.83436,                0.25767,                0.48846,                0.28678,                 1.3288,                 2.8298,                 1.0013,              0.0084988,              0.0074988,              0.0074988
                     50,                 1.0905,                 1.4126,                 1.0179,                0.83436,                0.25767,                0.48846,                0.28678,                 1.3288,                 2.8298,                 1.0013,               0.007525,               0.007525,               0.007525
                     51,                 1.1387,                 1.5116,                 0.9867,                0.73818,                0.24942,                0.44596,                 0.2512,                 1.4739,                 2.9721,                 1.0431,               0.007525,               0.007525,               0.007525
                     52,                 1.2266,                 1.6407,                0.99156,                0.73818,                0.24942,                0.44596,                 0.2512,                 1.4739,                 2.9721,                 1.0431,              0.0074755,              0.0074755,              0.0074755
                     53,                 1.0863,                 1.7321,                 1.0358,                 0.6186,                0.21905,                0.38469,                0.21695,                 1.3868,                 2.9383,                   1.08,               0.007426,               0.007426,               0.007426
                     54,                 1.0398,                 1.5304,                 1.0062,                 0.6186,                0.21905,                0.38469,                0.21695,                 1.3868,                 2.9383,                   1.08,              0.0073765,              0.0073765,              0.0073765
                     55,                 1.1575,                 1.5302,                 1.0325,                0.79071,                 0.3371,                0.49919,                0.33358,                 1.2812,                 2.6698,                 1.0236,               0.007327,               0.007327,               0.007327
                     56,                 1.1648,                 1.5048,                0.94417,                0.79071,                 0.3371,                0.49919,                0.33358,                 1.2812,                 2.6698,                 1.0236,              0.0072775,              0.0072775,              0.0072775
                     57,                 1.1386,                 1.4625,                0.97845,                0.88378,                 0.3125,                 0.4612,                0.26522,                 1.3888,                 2.7018,                 1.0636,               0.007228,               0.007228,               0.007228
                     58,                 1.3325,                 1.5357,                0.99013,                0.88378,                 0.3125,                 0.4612,                0.26522,                 1.3888,                 2.7018,                 1.0636,              0.0071785,              0.0071785,              0.0071785
                     59,                 1.2402,                 1.4282,                0.98434,                0.83809,                0.37628,                0.51341,                0.30088,                 1.2805,                  2.688,                 1.0533,               0.007129,               0.007129,               0.007129
                     60,                 1.0714,                 1.3249,                0.94551,                0.83809,                0.37628,                0.51341,                0.30088,                 1.2805,                  2.688,                 1.0533,              0.0070795,              0.0070795,              0.0070795
                     61,                 1.0901,                 1.4708,                0.96581,                0.64561,                0.45833,                0.50159,                0.26496,                  1.268,                 2.5168,                 1.0388,                0.00703,                0.00703,                0.00703
                     62,                 1.1886,                 1.5492,                 0.9661,                0.64561,                0.45833,                0.50159,                0.26496,                  1.268,                 2.5168,                 1.0388,              0.0069805,              0.0069805,              0.0069805
                     63,                 1.2673,                 1.5547,                0.98638,                0.51179,                0.54357,                0.46547,                 0.2387,                  1.235,                 2.4049,                 1.0351,               0.006931,               0.006931,               0.006931
                     64,                 1.0528,                 1.5234,                0.98713,                0.51179,                0.54357,                0.46547,                 0.2387,                  1.235,                 2.4049,                 1.0351,              0.0068815,              0.0068815,              0.0068815
                     65,                 1.1923,                 1.4914,                0.95623,                0.69545,                0.36989,                 0.4642,                0.26144,                 1.2812,                 2.5756,                 1.0289,               0.006832,               0.006832,               0.006832
                     66,                 1.1335,                  1.431,                0.99127,                0.69545,                0.36989,                 0.4642,                0.26144,                 1.2812,                 2.5756,                 1.0289,              0.0067825,              0.0067825,              0.0067825
                     67,                 1.0798,                 1.5316,                0.96034,                 0.6005,                0.43791,                0.47646,                0.26125,                 1.2679,                 2.4834,                 1.0259,               0.006733,               0.006733,               0.006733
                     68,                 1.1328,                 1.3945,                0.97674,                 0.6005,                0.43791,                0.47646,                0.26125,                 1.2679,                 2.4834,                 1.0259,              0.0066835,              0.0066835,              0.0066835
                     69,                 1.0541,                 1.3497,                0.96343,                0.48345,                0.41667,                0.49954,                0.27192,                 1.3377,                 2.3295,                 1.0314,               0.006634,               0.006634,               0.006634
                     70,                 1.1862,                 1.3755,                0.95241,                0.48345,                0.41667,                0.49954,                0.27192,                 1.3377,                 2.3295,                 1.0314,              0.0065845,              0.0065845,              0.0065845
                     71,                 1.0814,                 1.4294,                0.96652,                0.50973,                  0.375,                 0.4597,                0.24457,                 1.4382,                 2.4932,                 1.0225,               0.006535,               0.006535,               0.006535
                     72,                 1.0946,                 1.3502,                0.98311,                0.50973,                  0.375,                 0.4597,                0.24457,                 1.4382,                 2.4932,                 1.0225,              0.0064855,              0.0064855,              0.0064855
                     73,                 1.1101,                 1.3706,                0.97463,                0.57226,                0.35417,                0.45751,                0.24764,                 1.3135,                 2.3835,                 1.0478,               0.006436,               0.006436,               0.006436
                     74,                 1.1741,                 1.3902,                 1.0206,                0.57226,                0.35417,                0.45751,                0.24764,                 1.3135,                 2.3835,                 1.0478,              0.0063865,              0.0063865,              0.0063865
                     75,                0.96973,                 1.2552,                0.94999,                0.38076,                0.48824,                0.45626,                0.26162,                 1.3262,                 2.2991,                  1.037,               0.006337,               0.006337,               0.006337
                     76,                 1.0278,                 1.3309,                0.96199,                0.38076,                0.48824,                0.45626,                0.26162,                 1.3262,                 2.2991,                  1.037,              0.0062875,              0.0062875,              0.0062875
                     77,                 1.0642,                 1.2388,                0.95184,                0.42287,                    0.5,                0.49162,                0.26725,                  1.306,                 2.2394,                 1.0516,               0.006238,               0.006238,               0.006238
                     78,                 1.2216,                 1.2987,                0.95712,                0.42287,                    0.5,                0.49162,                0.26725,                  1.306,                 2.2394,                 1.0516,              0.0061885,              0.0061885,              0.0061885
                     79,                 1.0465,                 1.2608,                0.95744,                0.48962,                 0.3125,                0.40266,                0.21166,                 1.4081,                 2.4713,                 1.0813,               0.006139,               0.006139,               0.006139
                     80,                 1.1014,                 1.2991,                0.93733,                0.48962,                 0.3125,                0.40266,                0.21166,                 1.4081,                 2.4713,                 1.0813,              0.0060895,              0.0060895,              0.0060895
                     81,                 1.0085,                 1.2471,                 0.9327,                 0.4705,                   0.25,                0.35419,                0.19827,                   1.36,                 2.5726,                 1.0887,                0.00604,                0.00604,                0.00604
                     82,                 1.1071,                 1.2734,                0.97847,                 0.4705,                   0.25,                0.35419,                0.19827,                   1.36,                 2.5726,                 1.0887,              0.0059905,              0.0059905,              0.0059905
                     83,                 1.1581,                 1.3853,                0.98646,                0.47983,                  0.375,                0.38982,                0.20301,                 1.3933,                 2.6207,                 1.0643,               0.005941,               0.005941,               0.005941
                     84,                 1.1807,                 1.4522,                 1.0033,                0.47983,                  0.375,                0.38982,                0.20301,                 1.3933,                 2.6207,                 1.0643,              0.0058915,              0.0058915,              0.0058915
                     85,                 1.1421,                  1.277,                0.96404,                0.60117,                0.32516,                0.41413,                0.24802,                 1.3392,                 2.4271,                   1.06,               0.005842,               0.005842,               0.005842
                     86,                0.96122,                 1.2461,                0.96482,                0.60117,                0.32516,                0.41413,                0.24802,                 1.3392,                 2.4271,                   1.06,              0.0057925,              0.0057925,              0.0057925
                     87,                 1.1076,                 1.2641,                 1.0013,                0.69012,                0.46014,                0.57072,                0.33746,                 1.2764,                 2.2935,                0.99678,               0.005743,               0.005743,               0.005743
                     88,                 1.1228,                 1.1652,                0.95031,                0.69012,                0.46014,                0.57072,                0.33746,                 1.2764,                 2.2935,                0.99678,              0.0056935,              0.0056935,              0.0056935
                     89,                0.97333,                 1.1584,                0.92759,                 0.5999,                0.38841,                0.50226,                0.28341,                 1.2471,                 2.4022,                0.99983,               0.005644,               0.005644,               0.005644
                     90,                0.98886,                 1.2277,                0.96986,                 0.5999,                0.38841,                0.50226,                0.28341,                 1.2471,                 2.4022,                0.99983,              0.0055945,              0.0055945,              0.0055945
                     91,                0.95153,                 1.1986,                0.96439,                0.70997,                0.39583,                0.52715,                0.31142,                 1.2402,                 2.3572,                0.99723,               0.005545,               0.005545,               0.005545
                     92,                 1.0141,                  1.179,                0.93092,                0.70997,                0.39583,                0.52715,                0.31142,                 1.2402,                 2.3572,                0.99723,              0.0054955,              0.0054955,              0.0054955
                     93,                 1.0012,                 1.1673,                0.92954,                 0.5629,                0.53148,                 0.5561,                0.31974,                  1.344,                 2.1757,                 1.0126,               0.005446,               0.005446,               0.005446
                     94,                 1.0346,                 1.2076,                0.94126,                 0.5629,                0.53148,                 0.5561,                0.31974,                  1.344,                 2.1757,                 1.0126,              0.0053965,              0.0053965,              0.0053965
                     95,                  1.019,                 1.0943,                0.94571,                0.60283,                0.49081,                0.53231,                0.30598,                 1.2587,                 2.1978,                0.98904,               0.005347,               0.005347,               0.005347
                     96,                 1.1319,                 1.1928,                0.96005,                0.60283,                0.49081,                0.53231,                0.30598,                 1.2587,                 2.1978,                0.98904,              0.0052975,              0.0052975,              0.0052975
                     97,                 1.0063,                 1.1937,                0.92476,                0.84552,                0.40736,                0.53681,                0.32206,                 1.1618,                 2.2069,                0.96572,               0.005248,               0.005248,               0.005248
                     98,                 1.0153,                 1.3282,                0.95481,                0.84552,                0.40736,                0.53681,                0.32206,                 1.1618,                 2.2069,                0.96572,              0.0051985,              0.0051985,              0.0051985
                     99,                0.86954,                 1.0125,                0.91398,                0.56135,                    0.5,                0.51247,                 0.3124,                 1.1534,                  2.137,                0.97719,               0.005149,               0.005149,               0.005149
                    100,                 1.0208,                 1.2279,                0.94693,                0.56135,                    0.5,                0.51247,                 0.3124,                 1.1534,                  2.137,                0.97719,              0.0050995,              0.0050995,              0.0050995
                    101,                0.96807,                 1.1535,                0.94253,                0.46385,                0.54167,                0.45269,                0.25908,                  1.242,                 2.4132,                0.98164,                0.00505,                0.00505,                0.00505
                    102,                0.95603,                 1.1493,                0.98714,                0.46385,                0.54167,                0.45269,                0.25908,                  1.242,                 2.4132,                0.98164,              0.0050005,              0.0050005,              0.0050005
                    103,                 1.0568,                 1.1217,                0.94224,                0.50719,                    0.5,                0.42797,                0.25147,                 1.1871,                 2.2674,                0.97492,               0.004951,               0.004951,               0.004951
                    104,                0.81602,                 1.1356,                0.91745,                0.50719,                    0.5,                0.42797,                0.25147,                 1.1871,                 2.2674,                0.97492,              0.0049015,              0.0049015,              0.0049015
                    105,                0.98849,                  1.072,                0.92603,                0.56842,                0.60417,                0.51546,                0.30658,                 1.2162,                 2.1778,                0.97109,               0.004852,               0.004852,               0.004852
                    106,                0.97083,                 1.2198,                0.95159,                0.56842,                0.60417,                0.51546,                0.30658,                 1.2162,                 2.1778,                0.97109,              0.0048025,              0.0048025,              0.0048025
                    107,                 1.1059,                 1.1247,                0.93909,                 0.4582,                0.54167,                0.44793,                0.23966,                 1.2732,                 2.2373,                 1.0002,               0.004753,               0.004753,               0.004753
                    108,                0.91099,                 1.0997,                 0.8998,                 0.4582,                0.54167,                0.44793,                0.23966,                 1.2732,                 2.2373,                 1.0002,              0.0047035,              0.0047035,              0.0047035
                    109,                0.95767,                 1.1438,                 0.9442,                0.57946,                0.60417,                0.50083,                0.27503,                  1.323,                 2.0513,                 1.0152,               0.004654,               0.004654,               0.004654
                    110,                 1.1443,                 1.3019,                0.98451,                0.57946,                0.60417,                0.50083,                0.27503,                  1.323,                 2.0513,                 1.0152,              0.0046045,              0.0046045,              0.0046045
                    111,                 1.0315,                 1.1397,                0.91651,                0.58167,                 0.5625,                0.48379,                0.27224,                  1.195,                 2.0587,                 1.0043,               0.004555,               0.004555,               0.004555
                    112,                0.96903,                 1.1259,                0.92636,                0.58167,                 0.5625,                0.48379,                0.27224,                  1.195,                 2.0587,                 1.0043,              0.0045055,              0.0045055,              0.0045055
                    113,                0.96915,                 1.1806,                0.96568,                0.62334,                0.50079,                0.49918,                0.29259,                   1.22,                 2.1519,                 1.0393,               0.004456,               0.004456,               0.004456
                    114,                 1.0838,                 1.2018,                 0.9112,                0.62334,                0.50079,                0.49918,                0.29259,                   1.22,                 2.1519,                 1.0393,              0.0044065,              0.0044065,              0.0044065
                    115,                 1.0013,                 1.1235,                 0.9389,                0.59802,                0.60599,                0.57771,                0.35526,                  1.225,                 1.9547,                 1.0156,               0.004357,               0.004357,               0.004357
                    116,                0.96225,                 1.0357,                0.92783,                0.59802,                0.60599,                0.57771,                0.35526,                  1.225,                 1.9547,                 1.0156,              0.0043075,              0.0043075,              0.0043075
                    117,                0.98237,                 1.3365,                  1.015,                0.64502,                 0.5625,                0.62927,                0.40753,                  1.196,                 1.8734,                 1.0142,               0.004258,               0.004258,               0.004258
                    118,                0.96634,                 1.1655,                0.95103,                0.64502,                 0.5625,                0.62927,                0.40753,                  1.196,                 1.8734,                 1.0142,              0.0042085,              0.0042085,              0.0042085
                    119,                 1.0208,                 1.0992,                0.94538,                0.46192,                0.64583,                0.57231,                0.35503,                 1.2491,                 1.9531,                 1.0167,               0.004159,               0.004159,               0.004159
                    120,                0.85457,                 1.1088,                0.92324,                0.46192,                0.64583,                0.57231,                0.35503,                 1.2491,                 1.9531,                 1.0167,              0.0041095,              0.0041095,              0.0041095
                    121,                0.89255,                0.99475,                0.91282,                0.50068,                  0.625,                0.60295,                 0.3729,                 1.2481,                 1.9594,                 1.0318,                0.00406,                0.00406,                0.00406
                    122,                0.94758,                 1.0032,                0.91464,                0.50068,                  0.625,                0.60295,                 0.3729,                 1.2481,                 1.9594,                 1.0318,              0.0040105,              0.0040105,              0.0040105
                    123,                 1.1136,                 1.1246,                0.97615,                0.64592,                0.52083,                0.60393,                0.39263,                 1.0926,                 1.9399,                 1.0044,               0.003961,               0.003961,               0.003961
                    124,                0.95833,                 1.0941,                0.94003,                0.64592,                0.52083,                0.60393,                0.39263,                 1.0926,                 1.9399,                 1.0044,              0.0039115,              0.0039115,              0.0039115
                    125,                0.92658,                 1.0206,                0.90276,                0.60136,                0.64583,                0.61815,                0.40471,                 1.1772,                 1.9567,                 1.0334,               0.003862,               0.003862,               0.003862
                    126,                0.80441,                 1.0391,                0.91733,                0.60136,                0.64583,                0.61815,                0.40471,                 1.1772,                 1.9567,                 1.0334,              0.0038125,              0.0038125,              0.0038125
                    127,                0.85616,                 1.0229,                0.89777,                0.69428,                0.53018,                 0.5937,                0.36404,                 1.2927,                  1.938,                 1.1265,               0.003763,               0.003763,               0.003763
                    128,                 0.8496,                 1.0324,                0.90298,                0.69428,                0.53018,                 0.5937,                0.36404,                 1.2927,                  1.938,                 1.1265,              0.0037135,              0.0037135,              0.0037135
                    129,                 1.0956,                 1.1068,                0.96142,                0.62223,                0.66667,                 0.5883,                0.37415,                 1.3005,                 1.9525,                 1.1295,               0.003664,               0.003664,               0.003664
                    130,                0.92417,                 1.0496,                0.91082,                0.62223,                0.66667,                 0.5883,                0.37415,                 1.3005,                 1.9525,                 1.1295,              0.0036145,              0.0036145,              0.0036145
                    131,                0.94731,                 1.2018,                 0.9293,                0.75053,                0.61796,                0.67744,                0.44509,                 1.2747,                 1.8572,                 1.1118,               0.003565,               0.003565,               0.003565
                    132,                 1.0239,                 1.1297,                0.92973,                0.75053,                0.61796,                0.67744,                0.44509,                 1.2747,                 1.8572,                 1.1118,              0.0035155,              0.0035155,              0.0035155
                    133,                0.96315,                  1.026,                0.94251,                0.79694,                0.54167,                0.67942,                0.44765,                  1.233,                 1.8368,                 1.0745,               0.003466,               0.003466,               0.003466
                    134,                0.87402,                 1.1014,                0.91802,                0.79694,                0.54167,                0.67942,                0.44765,                  1.233,                 1.8368,                 1.0745,              0.0034165,              0.0034165,              0.0034165
                    135,                0.82507,                0.99429,                 0.8941,                 0.7093,                0.60417,                0.68967,                0.42811,                 1.2435,                 1.8676,                 1.0637,               0.003367,               0.003367,               0.003367
                    136,                0.96124,                 1.0946,                0.93806,                 0.7093,                0.60417,                0.68967,                0.42811,                 1.2435,                 1.8676,                 1.0637,              0.0033175,              0.0033175,              0.0033175
                    137,                0.84203,                0.95718,                0.91322,                0.62692,                0.69011,                0.67435,                0.43401,                  1.231,                 1.8445,                 1.0691,               0.003268,               0.003268,               0.003268
                    138,                0.78639,                0.96064,                0.91761,                0.62692,                0.69011,                0.67435,                0.43401,                  1.231,                 1.8445,                 1.0691,              0.0032185,              0.0032185,              0.0032185
                    139,                0.94198,                 1.0449,                0.91129,                0.66586,                0.64583,                0.67881,                0.39533,                  1.234,                  1.816,                 1.0521,               0.003169,               0.003169,               0.003169
                    140,                0.91557,                0.96482,                0.88782,                0.66586,                0.64583,                0.67881,                0.39533,                  1.234,                  1.816,                 1.0521,              0.0031195,              0.0031195,              0.0031195
                    141,                0.90223,                0.94285,                0.89166,                0.68788,                 0.6875,                0.68266,                0.41467,                 1.2071,                 1.7886,                 1.0619,                0.00307,                0.00307,                0.00307
                    142,                0.90196,                0.98908,                0.88611,                0.68788,                 0.6875,                0.68266,                0.41467,                 1.2071,                 1.7886,                 1.0619,              0.0030205,              0.0030205,              0.0030205
                    143,                0.91689,                0.97864,                0.94202,                0.70999,                  0.625,                0.66423,                 0.4098,                 1.1475,                 1.7056,                 1.0594,               0.002971,               0.002971,               0.002971
                    144,                0.86706,                0.95404,                0.89118,                0.70999,                  0.625,                0.66423,                 0.4098,                 1.1475,                 1.7056,                 1.0594,              0.0029215,              0.0029215,              0.0029215
                    145,                0.84747,                0.98791,                0.88934,                0.69442,                0.58333,                 0.6447,                0.36115,                 1.2156,                 1.7756,                 1.0645,               0.002872,               0.002872,               0.002872
                    146,                0.92553,                 1.0054,                0.90387,                0.69442,                0.58333,                 0.6447,                0.36115,                 1.2156,                 1.7756,                 1.0645,              0.0028225,              0.0028225,              0.0028225
                    147,                0.73568,                0.91841,                0.89113,                0.66833,                0.61191,                0.64818,                0.38063,                 1.1818,                 1.8075,                 1.0464,               0.002773,               0.002773,               0.002773
                    148,                0.85479,                0.95412,                0.91219,                0.66833,                0.61191,                0.64818,                0.38063,                 1.1818,                 1.8075,                 1.0464,              0.0027235,              0.0027235,              0.0027235
                    149,                0.75477,                 1.0118,                0.87631,                0.72157,                0.60417,                0.65582,                 0.4192,                 1.1157,                 1.8446,                 0.9832,               0.002674,               0.002674,               0.002674
                    150,                0.91646,                0.99916,                0.93033,                0.72157,                0.60417,                0.65582,                 0.4192,                 1.1157,                 1.8446,                 0.9832,              0.0026245,              0.0026245,              0.0026245
                    151,                 0.9038,                0.97662,                0.90917,                0.71315,                0.64583,                0.64026,                0.40602,                  1.095,                 1.8191,                0.97249,               0.002575,               0.002575,               0.002575
                    152,                0.82949,                 1.0418,                0.87316,                0.71315,                0.64583,                0.64026,                0.40602,                  1.095,                 1.8191,                0.97249,              0.0025255,              0.0025255,              0.0025255
                    153,                0.86628,                 1.0289,                 0.9156,                 0.7215,                0.63498,                0.65436,                0.39731,                 1.1387,                 1.8445,                0.97483,               0.002476,               0.002476,               0.002476
                    154,                0.83116,                0.99997,                0.91335,                 0.7215,                0.63498,                0.65436,                0.39731,                 1.1387,                 1.8445,                0.97483,              0.0024265,              0.0024265,              0.0024265
                    155,                0.92186,                0.96509,                0.88122,                0.76702,                0.58333,                0.63511,                0.39685,                 1.1744,                 1.8925,                0.98213,               0.002377,               0.002377,               0.002377
                    156,                0.75121,                0.92811,                0.90665,                0.76702,                0.58333,                0.63511,                0.39685,                 1.1744,                 1.8925,                0.98213,              0.0023275,              0.0023275,              0.0023275
                    157,                0.84985,                0.89982,                0.90569,                0.71848,                0.59345,                0.65069,                0.39151,                 1.2211,                 1.9034,                0.97581,               0.002278,               0.002278,               0.002278
                    158,                 0.8076,                0.92689,                0.90303,                0.71848,                0.59345,                0.65069,                0.39151,                 1.2211,                 1.9034,                0.97581,              0.0022285,              0.0022285,              0.0022285
                    159,                0.85488,                0.92994,                0.89926,                0.76306,                 0.5625,                0.66548,                0.40235,                 1.1905,                 1.8757,                0.98647,               0.002179,               0.002179,               0.002179
                    160,                0.81701,                0.84619,                0.88673,                0.76306,                 0.5625,                0.66548,                0.40235,                 1.1905,                 1.8757,                0.98647,              0.0021295,              0.0021295,              0.0021295
                    161,                0.83781,                0.91083,                0.93008,                0.72255,                0.58333,                0.67018,                0.39374,                 1.1744,                  1.835,                0.99642,                0.00208,                0.00208,                0.00208
                    162,                0.82463,                0.94497,                0.89457,                0.72255,                0.58333,                0.67018,                0.39374,                 1.1744,                  1.835,                0.99642,              0.0020305,              0.0020305,              0.0020305
                    163,                0.82578,                0.86616,                0.87248,                0.68288,                0.62783,                0.66506,                0.39042,                 1.1563,                  1.857,                0.98477,               0.001981,               0.001981,               0.001981
                    164,                 0.8029,                0.85068,                0.88566,                0.68288,                0.62783,                0.66506,                0.39042,                 1.1563,                  1.857,                0.98477,              0.0019315,              0.0019315,              0.0019315
                    165,                 0.8696,                0.87726,                0.91495,                0.71229,                0.57081,                0.65256,                0.37211,                 1.2704,                 1.8097,                 1.0891,               0.001882,               0.001882,               0.001882
                    166,                0.74636,                0.88148,                0.89171,                0.71229,                0.57081,                0.65256,                0.37211,                 1.2704,                 1.8097,                 1.0891,              0.0018325,              0.0018325,              0.0018325
                    167,                0.90374,                0.87244,                0.88823,                0.69759,                0.55952,                0.64037,                0.37034,                 1.1944,                 1.7939,                 1.0742,               0.001783,               0.001783,               0.001783
                    168,                0.78605,                0.89123,                0.90461,                0.69759,                0.55952,                0.64037,                0.37034,                 1.1944,                 1.7939,                 1.0742,              0.0017335,              0.0017335,              0.0017335
                    169,                0.77482,                0.92174,                0.88703,                0.53024,                0.71296,                0.65392,                 0.3767,                 1.1972,                 1.7755,                 1.0734,               0.001684,               0.001684,               0.001684
                    170,                0.83782,                0.89612,                0.90044,                0.53024,                0.71296,                0.65392,                 0.3767,                 1.1972,                 1.7755,                 1.0734,              0.0016345,              0.0016345,              0.0016345
                    171,                0.87281,                0.93551,                0.89381,                0.67454,                0.60215,                0.66583,                0.39358,                 1.2129,                 1.7361,                 1.0686,               0.001585,               0.001585,               0.001585
                    172,                0.86913,                0.94136,                0.86831,                0.67454,                0.60215,                0.66583,                0.39358,                 1.2129,                 1.7361,                 1.0686,              0.0015355,              0.0015355,              0.0015355
                    173,                0.80004,                0.89385,                0.92064,                 0.6082,                0.67949,                0.64143,                0.38465,                 1.2026,                 1.7605,                 1.0556,               0.001486,               0.001486,               0.001486
                    174,                0.79662,                 1.0139,                0.90681,                 0.6082,                0.67949,                0.64143,                0.38465,                 1.2026,                 1.7605,                 1.0556,              0.0014365,              0.0014365,              0.0014365
                    175,                0.78607,                0.90838,                0.91502,                0.66707,                0.66741,                0.64212,                0.36587,                 1.2379,                 1.7431,                 1.0802,               0.001387,               0.001387,               0.001387
                    176,                0.81602,                0.87439,                0.91407,                0.66707,                0.66741,                0.64212,                0.36587,                 1.2379,                 1.7431,                 1.0802,              0.0013375,              0.0013375,              0.0013375
                    177,                0.72502,                0.88382,                0.92847,                0.67427,                 0.6875,                0.64253,                0.37659,                 1.1968,                 1.7655,                 1.0718,               0.001288,               0.001288,               0.001288
                    178,                0.71066,                0.86199,                 0.8701,                0.67427,                 0.6875,                0.64253,                0.37659,                 1.1968,                 1.7655,                 1.0718,              0.0012385,              0.0012385,              0.0012385
                    179,                0.84761,                0.96829,                0.86398,                0.66441,                 0.6875,                0.64814,                0.37634,                 1.2207,                 1.7799,                  1.062,               0.001189,               0.001189,               0.001189
                    180,                0.86291,                0.94826,                0.88979,                0.66441,                 0.6875,                0.64814,                0.37634,                 1.2207,                 1.7799,                  1.062,              0.0011395,              0.0011395,              0.0011395
                    181,                0.70036,                0.83947,                0.88153,                0.65676,                 0.6875,                0.66001,                0.38611,                 1.1825,                 1.7622,                 1.0409,                0.00109,                0.00109,                0.00109
                    182,                0.80034,                0.87385,                 0.9095,                0.65676,                 0.6875,                0.66001,                0.38611,                 1.1825,                 1.7622,                 1.0409,              0.0010405,              0.0010405,              0.0010405
                    183,                0.79347,                0.88599,                0.90895,                0.65258,                 0.6875,                0.65686,                0.39371,                 1.1466,                 1.7473,                 1.0331,               0.000991,               0.000991,               0.000991
                    184,                0.74021,                0.91862,                0.88929,                0.65258,                 0.6875,                0.65686,                0.39371,                 1.1466,                 1.7473,                 1.0331,              0.0009415,              0.0009415,              0.0009415
